id;title;content;date
1;pish;../fake-data/blob/hipster.txt;2025-06-03T18:28:11
2;yuck during daily;../fake-data/blob/hipster.txt;2025-06-04T07:47:46
3;trained beyond towards;../fake-data/blob/hipster.txt;2025-06-04T10:05:31
4;pertain;../fake-data/blob/hipster.txt;2025-06-03T22:32:34
5;minus;../fake-data/blob/hipster.txt;2025-06-03T19:46:02
6;blink;../fake-data/blob/hipster.txt;2025-06-03T13:52:54
7;er;../fake-data/blob/hipster.txt;2025-06-03T14:13:35
8;boohoo license;../fake-data/blob/hipster.txt;2025-06-03T23:18:15
9;dwell naturally;../fake-data/blob/hipster.txt;2025-06-04T00:25:27
10;but molasses upward;../fake-data/blob/hipster.txt;2025-06-04T08:15:13
